[
  {
    "title": "PDF Download",
    "properties": [
      {
        "name": "listname",
        "label": "List Name",
        "type": "textfield"
      },
      {
        "name": "tablename",
        "label": "Table Name",
        "type": "textfield"
      },
      {
        "name": "columnlabel",
        "label": "Column Label",
        "type": "textfield"
      },
      {
        "name": "columnId",
        "label": "Column ID",
        "type": "textfield"
      },
      {
        "name": "displayDate",
        "label": "Date Range",
        "type": "textfield"
      },
      {
        "name": "signatureCol",
        "label": "Signature Column",
        "type": "textfield"
      },
      {
        "name": "redirect",
        "label": "Redirection URL",
        "type": "textfield",
        "value": ""
      }
    ]
  },
      {
        "title": "Advance",
        "properties": [
          {
            "name": "headerHtml",
            "label": "Header HTML",
            "type": "codeeditor",
            "mode": "html"
          },
          {
            "name": "footerHtml",
            "label": "Footer HTML",
            "type": "codeeditor",
            "mode": "html"
          }
        ]
      }
]